episode,start_pos,end_pos,treated_start_pos,start,end,n_steps,n_treated,settling_dropped,level,baseline_level,direction,hour,ahu
1,0,4,2,2026-05-18 12:00:00+07:00,2026-05-18 13:00:00+07:00,5,3,2,0.423675,0.55,down,12,1
2,93,119,95,2026-05-19 11:15:00+07:00,2026-05-19 17:45:00+07:00,27,25,2,0.4361364,0.55,down,11,1
3,182,215,184,2026-05-20 09:30:00+07:00,2026-05-20 17:45:00+07:00,34,32,2,0.485,0.55,down,10,1
4,271,306,273,2026-05-21 07:45:00+07:00,2026-05-21 16:30:00+07:00,36,34,2,0.4543750882352941,0.55,down,8,1
5,367,407,369,2026-05-22 07:45:00+07:00,2026-05-22 17:45:00+07:00,41,39,2,0.47095666666666675,0.55,down,8,1
6,654,668,656,2026-05-25 07:30:00+07:00,2026-05-25 11:00:00+07:00,15,13,2,0.4674871538461538,0.55,down,8,1
7,691,695,693,2026-05-25 16:45:00+07:00,2026-05-25 17:45:00+07:00,5,3,2,0.4633333333333333,0.55,down,17,1
8,751,778,753,2026-05-26 07:45:00+07:00,2026-05-26 14:30:00+07:00,28,26,2,0.47625642307692306,0.55,down,8,1
9,847,855,849,2026-05-27 07:45:00+07:00,2026-05-27 09:45:00+07:00,9,7,2,0.47161900000000007,0.55,down,8,1
10,943,949,945,2026-05-28 07:45:00+07:00,2026-05-28 09:15:00+07:00,7,5,2,0.41719999999999996,0.55,down,8,1
11,1039,1046,1041,2026-05-29 07:45:00+07:00,2026-05-29 09:30:00+07:00,8,6,2,0.43855549999999993,0.55,down,8,1
12,1999,2005,2001,2026-06-08 07:45:00+07:00,2026-06-08 09:15:00+07:00,7,5,2,0.4648,0.55,down,8,1
13,2030,2039,2032,2026-06-08 15:30:00+07:00,2026-06-08 17:45:00+07:00,10,8,2,0.4955,0.55,down,16,1
14,2095,2101,2097,2026-06-09 07:45:00+07:00,2026-06-09 09:15:00+07:00,7,5,2,0.42293339999999996,0.55,down,8,1
15,2109,2120,2111,2026-06-09 11:15:00+07:00,2026-06-09 14:00:00+07:00,12,10,2,0.484,0.55,down,11,1
16,2122,2135,2124,2026-06-09 14:30:00+07:00,2026-06-09 17:45:00+07:00,14,12,2,0.4905,0.55,down,15,1
17,2189,2231,2191,2026-06-10 07:15:00+07:00,2026-06-10 17:45:00+07:00,43,41,2,0.43,0.55,down,7,1
18,2285,2321,2287,2026-06-11 07:15:00+07:00,2026-06-11 16:15:00+07:00,37,35,2,0.4307912,0.55,down,7,1
19,2383,2423,2385,2026-06-12 07:45:00+07:00,2026-06-12 17:45:00+07:00,41,39,2,0.473948717948718,0.55,down,8,1
20,2784,2788,2786,2026-06-16 12:00:00+07:00,2026-06-16 13:00:00+07:00,5,3,2,0.48,0.55,down,12,1
21,2863,2878,2865,2026-06-17 07:45:00+07:00,2026-06-17 11:30:00+07:00,16,14,2,0.4764897857142857,0.55,down,8,1
22,2880,2884,2882,2026-06-17 12:00:00+07:00,2026-06-17 13:00:00+07:00,5,3,2,0.49733333333333335,0.55,down,12,1
1,654,658,656,2026-05-25 07:30:00+07:00,2026-05-25 08:30:00+07:00,5,3,2,0.46488900000000005,0.6,down,8,2
2,1040,1044,1042,2026-05-29 08:00:00+07:00,2026-05-29 09:00:00+07:00,5,3,2,0.4226666666666667,0.6,down,8,2
3,1420,1424,1422,2026-06-02 07:00:00+07:00,2026-06-02 08:00:00+07:00,5,3,2,0.449778,0.6,down,7,2
4,2298,2322,2300,2026-06-11 10:30:00+07:00,2026-06-11 16:30:00+07:00,25,23,2,0.7718394782608695,0.6,up,11,2
5,2383,2388,2385,2026-06-12 07:45:00+07:00,2026-06-12 09:00:00+07:00,6,4,2,0.4309615,0.6,down,8,2
6,3055,3060,3057,2026-06-19 07:45:00+07:00,2026-06-19 09:00:00+07:00,6,4,2,0.44466675,0.6,down,8,2
7,4014,4018,4016,2026-06-29 07:30:00+07:00,2026-06-29 08:30:00+07:00,5,3,2,0.41615399999999997,0.6,down,8,2
8,4111,4115,4113,2026-06-30 07:45:00+07:00,2026-06-30 08:45:00+07:00,5,3,2,0.4157693333333334,0.6,down,8,2
9,4207,4212,4209,2026-07-01 07:45:00+07:00,2026-07-01 09:00:00+07:00,6,4,2,0.44961525,0.6,down,8,2
10,4303,4307,4305,2026-07-02 07:45:00+07:00,2026-07-02 08:45:00+07:00,5,3,2,0.432,0.6,down,8,2
11,4399,4403,4401,2026-07-03 07:45:00+07:00,2026-07-03 08:45:00+07:00,5,3,2,0.416,0.6,down,8,2
12,4686,4691,4688,2026-07-06 07:30:00+07:00,2026-07-06 08:45:00+07:00,6,4,2,0.44316675,0.6,down,8,2
13,4783,4787,4785,2026-07-07 07:45:00+07:00,2026-07-07 08:45:00+07:00,5,3,2,0.42333333333333334,0.6,down,8,2
14,4879,4883,4881,2026-07-08 07:45:00+07:00,2026-07-08 08:45:00+07:00,5,3,2,0.4537776666666667,0.6,down,8,2
15,4975,4980,4977,2026-07-09 07:45:00+07:00,2026-07-09 09:00:00+07:00,6,4,2,0.44083324999999995,0.6,down,8,2
16,5071,5075,5073,2026-07-10 07:45:00+07:00,2026-07-10 08:45:00+07:00,5,3,2,0.46711100000000005,0.6,down,8,2
17,5744,5748,5746,2026-07-17 08:00:00+07:00,2026-07-17 09:00:00+07:00,5,3,2,0.436,0.6,down,8,2
18,6223,6227,6225,2026-07-22 07:45:00+07:00,2026-07-22 08:45:00+07:00,5,3,2,0.4326666666666667,0.6,down,8,2
19,6319,6323,6321,2026-07-23 07:45:00+07:00,2026-07-23 08:45:00+07:00,5,3,2,0.4206666666666667,0.6,down,8,2
20,6415,6419,6417,2026-07-24 07:45:00+07:00,2026-07-24 08:45:00+07:00,5,3,2,0.441282,0.6,down,8,2
21,6992,6997,6994,2026-07-30 08:00:00+07:00,2026-07-30 09:15:00+07:00,6,4,2,0.42883325000000005,0.6,down,8,2
22,7759,7763,7761,2026-08-07 07:45:00+07:00,2026-08-07 08:45:00+07:00,5,3,2,0.412,0.6,down,8,2
23,8046,8050,8048,2026-08-10 07:30:00+07:00,2026-08-10 08:30:00+07:00,5,3,2,0.41733333333333333,0.6,down,8,2
24,8143,8147,8145,2026-08-11 07:45:00+07:00,2026-08-11 08:45:00+07:00,5,3,2,0.43,0.6,down,8,2
25,8431,8435,8433,2026-08-14 07:45:00+07:00,2026-08-14 08:45:00+07:00,5,3,2,0.4226666666666667,0.6,down,8,2
26,8718,8723,8720,2026-08-17 07:30:00+07:00,2026-08-17 08:45:00+07:00,6,4,2,0.424,0.6,down,8,2
27,8815,8819,8817,2026-08-18 07:45:00+07:00,2026-08-18 08:45:00+07:00,5,3,2,0.426,0.6,down,8,2
28,8911,8915,8913,2026-08-19 07:45:00+07:00,2026-08-19 08:45:00+07:00,5,3,2,0.438,0.6,down,8,2
29,9008,9012,9010,2026-08-20 08:00:00+07:00,2026-08-20 09:00:00+07:00,5,3,2,0.45,0.6,down,8,2
30,9103,9108,9105,2026-08-21 07:45:00+07:00,2026-08-21 09:00:00+07:00,6,4,2,0.44799999999999995,0.6,down,8,2
